1043410905835495426,2020-12-30 23:50:34+00:00,1344430712313806849,de,0,0,0,0,Twitter Web App,"@_FriedrichMerz Guttenberg und Merz treffen den kriminellen Braun von Wirecard. Dazu kann man nur anmerken, dass sich Gleich und Gleich halt gerne zusammen finden."
37932225,2020-12-30 23:46:40+00:00,1344429729324085248,de,0,0,1,0,Twitter Web App,"@RolfMeissler @sixtus @RegSprecher @eucopresident @vonderleyen @EmmanuelMacron @tagesschau @tagesthemen @ZDFheute @heutejournal @Westpol @EUinDE @CDU_CSU_EP @EskenSaskia @ClausKleber @TinaHassel @akk @HBraun @polenz_r @janboehm Interessant, @otto_de z√§hlt nicht als wertvolle ""Plattform"", @wirecard aber schon ü§îhttps://t.co/c3VclFioFJ"
329975848,2020-12-30 23:37:17+00:00,1344427368627236866,de,50,0,0,0,Twitter for Android,"RT @FabioDeMasi: #Merz sollte klarstellen, ob er Braun kritische Fragen gestellt hat. ¬ªDer U-Ausschuss des Bundestags w√§re daf√ºr ein ideale‚Ä¶"
1145879588,2020-12-30 23:34:59+00:00,1344426787938381824,de,50,0,0,0,Twitter for Android,"RT @FabioDeMasi: #Merz sollte klarstellen, ob er Braun kritische Fragen gestellt hat. ¬ªDer U-Ausschuss des Bundestags w√§re daf√ºr ein ideale‚Ä¶"
958441829359325184,2020-12-30 23:31:28+00:00,1344425906388029441,de,13,0,0,0,Twitter for Android,RT @ntvde: + Merz hatte wiederholt Kontakt zu Wirecard-Chef https://t.co/ennFKFCcku
2696309778,2020-12-30 23:29:34+00:00,1344425425301336068,de,6,0,0,0,Twitter Web App,"RT @TurgAir: Super Idee!Die Verm√∂gen aller biodeutschen Betr√ºger, die sich mit den Cum-Ex- und Wirecard-Gesch√§ften bereichert und Steuern‚Ä¶"
793400734104641537,2020-12-30 23:28:57+00:00,1344425272095944704,de,23,0,0,0,Twitter for iPhone,"RT @robert_fietzke: Treffen sich der Ex-#Wirecard-Chef und der Ex-Aufsichtsrat von Blackrock (#CumEx!) und sprechen √ºber ""allgemeine Kapita‚Ä¶"
47329906,2020-12-30 23:28:53+00:00,1344425254446391302,de,199,0,0,0,Twitter for Android,RT @derspiegel: Der CDU-Politiker Friedrich Merz hatte nach SPIEGEL-Informationen mehrfach Kontakt zu dem inzwischen inhaftierten Ex-Wireca‚Ä¶
1282578638215548928,2020-12-30 23:18:22+00:00,1344422608868175873,de,15,0,0,0,Twitter Web App,RT @ErnstvAll: ‚ÄúWirecard hat uns alle get√§uscht.‚Äù#Guttenberg sieht sich im #Wirecard-Skandal als Opfer https://t.co/6jEjw5Sn0C https://t.c‚Ä¶
2606126973,2020-12-30 23:16:49+00:00,1344422217015242757,de,199,0,0,0,Twitter for Android,RT @derspiegel: Der CDU-Politiker Friedrich Merz hatte nach SPIEGEL-Informationen mehrfach Kontakt zu dem inzwischen inhaftierten Ex-Wireca‚Ä¶
author id,created_at,id,lang,like_count,quote_count,retweet_count,source,tweet
